[{"pk":1,"model":"contenttypes.contenttype","fields":{"model":"logentry","name":"log entry","app_label":"admin"}},{"pk":2,"model":"contenttypes.contenttype","fields":{"model":"permission","name":"permission","app_label":"auth"}},{"pk":3,"model":"contenttypes.contenttype","fields":{"model":"group","name":"group","app_label":"auth"}},{"pk":4,"model":"contenttypes.contenttype","fields":{"model":"user","name":"user","app_label":"auth"}},{"pk":5,"model":"contenttypes.contenttype","fields":{"model":"contenttype","name":"content type","app_label":"contenttypes"}},{"pk":6,"model":"contenttypes.contenttype","fields":{"model":"session","name":"session","app_label":"sessions"}},{"pk":7,"model":"contenttypes.contenttype","fields":{"model":"image","name":"image","app_label":"whats_fresh_api"}},{"pk":8,"model":"contenttypes.contenttype","fields":{"model":"vendor","name":"vendor","app_label":"whats_fresh_api"}},{"pk":9,"model":"contenttypes.contenttype","fields":{"model":"product","name":"product","app_label":"whats_fresh_api"}},{"pk":10,"model":"contenttypes.contenttype","fields":{"model":"story","name":"story","app_label":"whats_fresh_api"}},{"pk":11,"model":"contenttypes.contenttype","fields":{"model":"preparation","name":"preparation","app_label":"whats_fresh_api"}},{"pk":12,"model":"contenttypes.contenttype","fields":{"model":"productpreparation","name":"product preparation","app_label":"whats_fresh_api"}},{"pk":13,"model":"contenttypes.contenttype","fields":{"model":"vendorproduct","name":"vendor product","app_label":"whats_fresh_api"}},{"pk":2,"model":"whats_fresh_api.vendor","fields":{"status":null,"city":"Newport","website":"","name":"Todd's Tuna Farm","zip":"97365","created":"2014-09-23T23:52:51.484Z","story_id":1,"location_description":"","modified":"2014-09-24T19:55:16.085Z","hours":"","phone":null,"state":"Oregon","street":"1398 SW Bay St","location":"POINT (-124.0565730999999943 44.6266098999999983)","contact_name":"Todd Sherman","email":"","description":"A local tuna provider."}},{"pk":3,"model":"whats_fresh_api.vendor","fields":{"status":true,"city":"Gold Beach","website":"","name":"The Shark Shop","zip":"97444","created":"2014-09-23T23:59:20.016Z","story_id":1,"location_description":"","modified":"2014-09-24T20:49:33.156Z","hours":"","phone":null,"state":"Oregon","street":"29985 Harbor Way","location":"POINT (-124.4179553999999968 42.4210811000000021)","contact_name":"James Renolds","email":"","description":"Best shark meat in the west."}},{"pk":4,"model":"whats_fresh_api.vendor","fields":{"status":null,"city":"Waldport","website":"","name":"Waterfront Seafood Shop","zip":"97394","created":"2014-09-24T00:06:43.426Z","story_id":1,"location_description":"","modified":"2014-09-24T20:50:37.652Z","hours":"","phone":null,"state":"Oregon","street":"98 NW Alsea Bay Dr","location":"POINT (-124.0792541999999941 44.4269468000000032)","contact_name":"Carlos Molena","email":"","description":"The freshest seafood in Waldport."}},{"pk":5,"model":"whats_fresh_api.vendor","fields":{"status":null,"city":"Florence","website":"","name":"Cody's Clam Shop","zip":"97439","created":"2014-09-24T16:26:05.046Z","story_id":1,"location_description":"","modified":"2014-09-24T20:51:49.786Z","hours":"","phone":null,"state":"Oregon","street":"1411 Bay St","location":"POINT (-124.1053399999999982 43.9668739999999971)","contact_name":"Cody Jennings","email":"","description":"The northwest's clam experts."}},{"pk":6,"model":"whats_fresh_api.vendor","fields":{"status":null,"city":"Waldport","website":"","name":"Lady Luck","zip":"97394","created":"2014-09-24T16:28:44.910Z","story_id":1,"location_description":"","modified":"2014-09-24T20:48:33.071Z","hours":"","phone":null,"state":"Oregon","street":"1778 NW Admirality Cir","location":"POINT (-124.0800205000000034 44.4319697000000033)","contact_name":"Captain Jones","email":"","description":"Welcom to salmon country."}},{"pk":7,"model":"whats_fresh_api.vendor","fields":{"status":null,"city":"Newport","website":"","name":"Fish Factory","zip":"97365","created":"2014-09-24T16:34:19.069Z","story_id":1,"location_description":"","modified":"2014-09-24T20:52:18.504Z","hours":"","phone":null,"state":"Oregon","street":"944 SW Mark St","location":"POINT (-124.0645367999999991 44.6282506000000012)","contact_name":"Tim Duncan","email":"","description":"The best fish in town."}},{"pk":8,"model":"whats_fresh_api.vendor","fields":{"status":null,"city":"Newport","website":"","name":"Ocean Fresh","zip":"97365","created":"2014-09-24T16:36:02.242Z","story_id":1,"location_description":"","modified":"2014-09-24T20:54:09.930Z","hours":"","phone":null,"state":"Oregon","street":"792 SW Fall St","location":"POINT (-124.0600174000000067 44.6312873999999979)","contact_name":"Martin Sawer","email":"","description":"Fast and Fresh"}},{"pk":9,"model":"whats_fresh_api.vendor","fields":{"status":null,"city":"Waldport","website":"","name":"Mo's Seafood","zip":"97394","created":"2014-09-24T16:39:45.336Z","story_id":1,"location_description":"","modified":"2014-09-24T20:54:33.154Z","hours":"","phone":null,"state":"Oregon","street":"951 NE Mill St","location":"POINT (-124.0573349999999948 44.4327479999999966)","contact_name":"James Mo","email":"","description":"Best in the west."}},{"pk":10,"model":"whats_fresh_api.vendor","fields":{"status":true,"city":"Gold Beach","website":"","name":"Beach Bum Crab Shop","zip":"97444","created":"2014-09-24T16:44:47.092Z","story_id":1,"location_description":"","modified":"2014-09-24T20:58:01.173Z","hours":"","phone":null,"state":"Oregon","street":"94046 S Jetty Rd","location":"POINT (-124.4234119999999990 42.4198251999999982)","contact_name":"Waren Overholts","email":"","description":"Eat'n on the beach."}},{"pk":11,"model":"whats_fresh_api.vendor","fields":{"status":true,"city":"Florence","website":"","name":"Tony's Place","zip":"97439","created":"2014-09-24T16:47:10.066Z","story_id":1,"location_description":"","modified":"2014-09-24T16:47:10.087Z","hours":"","phone":null,"state":"Oregon","street":"853 1st St","location":"POINT (-124.1129279999999966 43.9695350000000005)","contact_name":"Tony Jones","email":"","description":"Florence's finest seafood."}},{"pk":12,"model":"whats_fresh_api.vendor","fields":{"status":true,"city":"Newport","website":"","name":"Newport Fish-Mart","zip":"97365","created":"2014-09-24T16:50:22.776Z","story_id":1,"location_description":"","modified":"2014-09-24T16:50:22.838Z","hours":"","phone":null,"state":"Oregon","street":"618 SW Case St","location":"POINT (-124.0630314999999939 44.6300450000000026)","contact_name":"Tim Smith","email":"","description":"The oldest store in town."}},{"pk":13,"model":"whats_fresh_api.vendor","fields":{"status":true,"city":"Newport","website":"","name":"Fish-R-us","zip":"97365","created":"2014-09-24T16:52:52.472Z","story_id":1,"location_description":"","modified":"2014-09-24T20:57:32.683Z","hours":"","phone":null,"state":"Oregon","street":"1000 SW 12th St","location":"POINT (-124.0586349999999953 44.6263523000000006)","contact_name":"Toy Story","email":"","description":"All fish all the time."}},{"pk":14,"model":"whats_fresh_api.vendor","fields":{"status":true,"city":"Waldport","website":"","name":"Finest Fish","zip":"97394","created":"2014-09-24T16:55:51.223Z","story_id":1,"location_description":"","modified":"2014-09-24T20:57:02.816Z","hours":"","phone":null,"state":"Oregon","street":"160 SW Maple St","location":"POINT (-124.0659263999999951 44.4271492000000023)","contact_name":"Steve Carlton","email":"","description":"Nothing Frozen"}},{"pk":15,"model":"whats_fresh_api.vendor","fields":{"status":true,"city":"Waldport","website":"","name":"The Big Clam","zip":"97394","created":"2014-09-24T16:57:32.933Z","story_id":1,"location_description":"","modified":"2014-09-24T20:49:23.371Z","hours":"","phone":null,"state":"Oregon","street":"580 NE Hemlck St","location":"POINT (-124.0667471999999947 44.4272470000000013)","contact_name":"Camron Brown","email":"","description":"Nothing but the best."}},{"pk":16,"model":"whats_fresh_api.vendor","fields":{"status":null,"city":"Corvallis","website":"","name":"Please choose a location","zip":"97331","created":"2014-09-24T19:35:24.943Z","story_id":1,"location_description":"","modified":"2014-09-24T19:35:25.088Z","hours":"","phone":null,"state":"Oregon","street":"2251 SW Campus Way","location":"POINT (-123.2773277000000007 44.5670585000000017)","contact_name":"Bexell","email":"","description":"need to choose a location"}},{"pk":1,"model":"whats_fresh_api.product","fields":{"origin":"Pacific Ocean","available":null,"description":"A classic fish","variety":"Salmon","season":"July - October","created":"2014-09-18T18:33:22.140Z","modified":"2014-09-24T19:42:52.720Z","image_id":null,"market_price":"$100 per fluid ounce","link":"","alt_name":"Oncorynchus kisutch","story_id":null,"name":"Coho Salmon"}},{"pk":2,"model":"whats_fresh_api.product","fields":{"origin":"Pacific Ocean","available":null,"description":"A popular seafood prized for its sweet and tender flesh. ","variety":"Dungeness","season":"December to ???","created":"2014-09-18T18:36:14.240Z","modified":"2014-09-24T19:43:08.960Z","image_id":null,"market_price":"$0.10 per dozen","link":"","alt_name":"Metacarcinus magister","story_id":null,"name":"Dungeness Crab"}},{"pk":3,"model":"whats_fresh_api.product","fields":{"origin":"","available":null,"description":"The albacore, Thunnus alalunga, is a species of tuna in the family Scombridae.","variety":"","season":"Starts in June","created":"2014-09-18T18:39:09.478Z","modified":"2014-09-24T19:43:26.180Z","image_id":null,"market_price":"Unknown","link":"","alt_name":"","story_id":null,"name":"Albacore Tuna"}},{"pk":4,"model":"whats_fresh_api.product","fields":{"origin":"Pacific Ocean","available":null,"description":"Large crab usually found off the coast of tropical islands.","variety":"Spanner","season":"June-???","created":"2014-09-23T22:57:20.090Z","modified":"2014-09-24T19:43:12.989Z","image_id":null,"market_price":"6.74","link":"","alt_name":"Ranina ranina / Red Frog Crab","story_id":null,"name":"Spanner Crab"}},{"pk":5,"model":"whats_fresh_api.product","fields":{"origin":"Pacific Ocean","available":true,"description":"Long slender-bodied shark with black saddle-like markings and large spots over its back.","variety":"Shark","season":"Year round","created":"2014-09-23T23:07:43.642Z","modified":"2014-09-24T19:43:17.553Z","image_id":null,"market_price":"2.99","link":"","alt_name":"Triakis semifasciata","story_id":null,"name":"Leopard Shark"}},{"pk":6,"model":"whats_fresh_api.product","fields":{"origin":"Pacific Ocean","available":null,"description":"Chinook are anadromous fish native to the north Pacific Ocean and the river systems of western North America ranging from California to Alaska. ","variety":"Salmon","season":"Febuary-June","created":"2014-09-23T23:13:25.710Z","modified":"2014-09-24T19:43:21.481Z","image_id":null,"market_price":"5.99","link":"","alt_name":"Oncorynchus tshawytscha","story_id":null,"name":"Chinook Salmon"}},{"pk":7,"model":"whats_fresh_api.product","fields":{"origin":"","available":null,"description":"Tasty local clams","variety":"","season":"Year round","created":"2014-09-23T23:55:20.966Z","modified":"2014-09-24T19:43:33.082Z","image_id":null,"market_price":"1.99","link":"","alt_name":"","story_id":null,"name":"Savory Clam"}},{"pk":8,"model":"whats_fresh_api.product","fields":{"origin":"","available":null,"description":"Big tasty clams","variety":"","season":"Year round","created":"2014-09-23T23:56:07.815Z","modified":"2014-09-24T19:43:38.223Z","image_id":null,"market_price":"2.99","link":"","alt_name":"","story_id":null,"name":"Manila Clam"}},{"pk":9,"model":"whats_fresh_api.product","fields":{"origin":"","available":true,"description":"Pale white or off-white shell from 80-400 mm long.","variety":"Oyster","season":"Year round","created":"2014-09-24T17:03:35.109Z","modified":"2014-09-24T19:43:02.057Z","image_id":null,"market_price":"2.99","link":"","alt_name":"Miyagi oyster","story_id":null,"name":"Pacific Oyster"}},{"pk":10,"model":"whats_fresh_api.product","fields":{"origin":"","available":null,"description":"Starting placeholder","variety":"","season":"Year round","created":"2014-09-24T19:42:38.717Z","modified":"2014-09-24T19:42:38.765Z","image_id":null,"market_price":"5.00","link":"","alt_name":"","story_id":null,"name":"Please choose a product"}},{"pk":11,"model":"whats_fresh_api.product","fields":{"origin":"","available":null,"description":"Good fish","variety":"","season":"Year round","created":"2014-09-24T21:12:04.968Z","modified":"2014-09-24T21:12:05.024Z","image_id":null,"market_price":"2.50","link":"","alt_name":"","story_id":null,"name":"Halibut"}},{"pk":1,"model":"whats_fresh_api.story","fields":{"story":"Test Story","modified":"2014-09-18T18:46:08.051Z","created":"2014-09-18T18:46:08.051Z"}},{"pk":1,"model":"whats_fresh_api.preparation","fields":{"additional_info":"","name":"Live","description":"This fish is alive."}},{"pk":2,"model":"whats_fresh_api.preparation","fields":{"additional_info":"","name":"Frozen","description":"Brr, that's cold!"}},{"pk":3,"model":"whats_fresh_api.preparation","fields":{"additional_info":"It's been cut along parallel to the backbone.","name":"Filet","description":"The fish has been cut into a filet."}},{"pk":4,"model":"whats_fresh_api.preparation","fields":{"additional_info":"","name":"Smoked","description":"Thats dense stuff, tastes like forest fire."}},{"pk":30,"model":"whats_fresh_api.productpreparation","fields":{"preparation":1,"product":10}},{"pk":31,"model":"whats_fresh_api.productpreparation","fields":{"preparation":1,"product":1}},{"pk":32,"model":"whats_fresh_api.productpreparation","fields":{"preparation":3,"product":1}},{"pk":33,"model":"whats_fresh_api.productpreparation","fields":{"preparation":2,"product":1}},{"pk":34,"model":"whats_fresh_api.productpreparation","fields":{"preparation":1,"product":9}},{"pk":35,"model":"whats_fresh_api.productpreparation","fields":{"preparation":2,"product":9}},{"pk":36,"model":"whats_fresh_api.productpreparation","fields":{"preparation":1,"product":2}},{"pk":37,"model":"whats_fresh_api.productpreparation","fields":{"preparation":2,"product":2}},{"pk":38,"model":"whats_fresh_api.productpreparation","fields":{"preparation":1,"product":4}},{"pk":39,"model":"whats_fresh_api.productpreparation","fields":{"preparation":2,"product":4}},{"pk":40,"model":"whats_fresh_api.productpreparation","fields":{"preparation":1,"product":5}},{"pk":41,"model":"whats_fresh_api.productpreparation","fields":{"preparation":3,"product":5}},{"pk":42,"model":"whats_fresh_api.productpreparation","fields":{"preparation":2,"product":5}},{"pk":43,"model":"whats_fresh_api.productpreparation","fields":{"preparation":3,"product":6}},{"pk":44,"model":"whats_fresh_api.productpreparation","fields":{"preparation":3,"product":3}},{"pk":45,"model":"whats_fresh_api.productpreparation","fields":{"preparation":2,"product":3}},{"pk":46,"model":"whats_fresh_api.productpreparation","fields":{"preparation":1,"product":7}},{"pk":47,"model":"whats_fresh_api.productpreparation","fields":{"preparation":2,"product":7}},{"pk":48,"model":"whats_fresh_api.productpreparation","fields":{"preparation":2,"product":8}},{"pk":49,"model":"whats_fresh_api.productpreparation","fields":{"preparation":4,"product":11}},{"pk":39,"model":"whats_fresh_api.vendorproduct","fields":{"product_preparation":44,"vendor_price":"","available":null,"vendor":2}},{"pk":40,"model":"whats_fresh_api.vendorproduct","fields":{"product_preparation":32,"vendor_price":"","available":null,"vendor":6}},{"pk":41,"model":"whats_fresh_api.vendorproduct","fields":{"product_preparation":43,"vendor_price":"","available":null,"vendor":6}},{"pk":42,"model":"whats_fresh_api.vendorproduct","fields":{"product_preparation":46,"vendor_price":"","available":null,"vendor":15}},{"pk":43,"model":"whats_fresh_api.vendorproduct","fields":{"product_preparation":48,"vendor_price":"","available":null,"vendor":15}},{"pk":44,"model":"whats_fresh_api.vendorproduct","fields":{"product_preparation":40,"vendor_price":"","available":null,"vendor":3}},{"pk":45,"model":"whats_fresh_api.vendorproduct","fields":{"product_preparation":46,"vendor_price":"","available":null,"vendor":4}},{"pk":46,"model":"whats_fresh_api.vendorproduct","fields":{"product_preparation":44,"vendor_price":"","available":null,"vendor":4}},{"pk":50,"model":"whats_fresh_api.vendorproduct","fields":{"product_preparation":46,"vendor_price":"","available":null,"vendor":5}},{"pk":51,"model":"whats_fresh_api.vendorproduct","fields":{"product_preparation":47,"vendor_price":"","available":null,"vendor":5}},{"pk":52,"model":"whats_fresh_api.vendorproduct","fields":{"product_preparation":48,"vendor_price":"","available":null,"vendor":5}},{"pk":53,"model":"whats_fresh_api.vendorproduct","fields":{"product_preparation":44,"vendor_price":"","available":null,"vendor":7}},{"pk":54,"model":"whats_fresh_api.vendorproduct","fields":{"product_preparation":43,"vendor_price":"","available":null,"vendor":7}},{"pk":59,"model":"whats_fresh_api.vendorproduct","fields":{"product_preparation":43,"vendor_price":"","available":null,"vendor":8}},{"pk":60,"model":"whats_fresh_api.vendorproduct","fields":{"product_preparation":44,"vendor_price":"","available":null,"vendor":9}},{"pk":61,"model":"whats_fresh_api.vendorproduct","fields":{"product_preparation":43,"vendor_price":"","available":null,"vendor":9}},{"pk":62,"model":"whats_fresh_api.vendorproduct","fields":{"product_preparation":31,"vendor_price":"","available":null,"vendor":14}},{"pk":63,"model":"whats_fresh_api.vendorproduct","fields":{"product_preparation":43,"vendor_price":"","available":null,"vendor":14}},{"pk":64,"model":"whats_fresh_api.vendorproduct","fields":{"product_preparation":44,"vendor_price":"","available":null,"vendor":13}},{"pk":65,"model":"whats_fresh_api.vendorproduct","fields":{"product_preparation":31,"vendor_price":"","available":null,"vendor":13}},{"pk":66,"model":"whats_fresh_api.vendorproduct","fields":{"product_preparation":36,"vendor_price":"","available":null,"vendor":10}},{"pk":1,"model":"auth.permission","fields":{"codename":"add_logentry","name":"Can add log entry","content_type":1}},{"pk":2,"model":"auth.permission","fields":{"codename":"change_logentry","name":"Can change log entry","content_type":1}},{"pk":3,"model":"auth.permission","fields":{"codename":"delete_logentry","name":"Can delete log entry","content_type":1}},{"pk":4,"model":"auth.permission","fields":{"codename":"add_permission","name":"Can add permission","content_type":2}},{"pk":5,"model":"auth.permission","fields":{"codename":"change_permission","name":"Can change permission","content_type":2}},{"pk":6,"model":"auth.permission","fields":{"codename":"delete_permission","name":"Can delete permission","content_type":2}},{"pk":7,"model":"auth.permission","fields":{"codename":"add_group","name":"Can add group","content_type":3}},{"pk":8,"model":"auth.permission","fields":{"codename":"change_group","name":"Can change group","content_type":3}},{"pk":9,"model":"auth.permission","fields":{"codename":"delete_group","name":"Can delete group","content_type":3}},{"pk":10,"model":"auth.permission","fields":{"codename":"add_user","name":"Can add user","content_type":4}},{"pk":11,"model":"auth.permission","fields":{"codename":"change_user","name":"Can change user","content_type":4}},{"pk":12,"model":"auth.permission","fields":{"codename":"delete_user","name":"Can delete user","content_type":4}},{"pk":13,"model":"auth.permission","fields":{"codename":"add_contenttype","name":"Can add content type","content_type":5}},{"pk":14,"model":"auth.permission","fields":{"codename":"change_contenttype","name":"Can change content type","content_type":5}},{"pk":15,"model":"auth.permission","fields":{"codename":"delete_contenttype","name":"Can delete content type","content_type":5}},{"pk":16,"model":"auth.permission","fields":{"codename":"add_session","name":"Can add session","content_type":6}},{"pk":17,"model":"auth.permission","fields":{"codename":"change_session","name":"Can change session","content_type":6}},{"pk":18,"model":"auth.permission","fields":{"codename":"delete_session","name":"Can delete session","content_type":6}},{"pk":19,"model":"auth.permission","fields":{"codename":"add_image","name":"Can add image","content_type":7}},{"pk":20,"model":"auth.permission","fields":{"codename":"change_image","name":"Can change image","content_type":7}},{"pk":21,"model":"auth.permission","fields":{"codename":"delete_image","name":"Can delete image","content_type":7}},{"pk":22,"model":"auth.permission","fields":{"codename":"add_vendor","name":"Can add vendor","content_type":8}},{"pk":23,"model":"auth.permission","fields":{"codename":"change_vendor","name":"Can change vendor","content_type":8}},{"pk":24,"model":"auth.permission","fields":{"codename":"delete_vendor","name":"Can delete vendor","content_type":8}},{"pk":25,"model":"auth.permission","fields":{"codename":"add_product","name":"Can add product","content_type":9}},{"pk":26,"model":"auth.permission","fields":{"codename":"change_product","name":"Can change product","content_type":9}},{"pk":27,"model":"auth.permission","fields":{"codename":"delete_product","name":"Can delete product","content_type":9}},{"pk":28,"model":"auth.permission","fields":{"codename":"add_story","name":"Can add story","content_type":10}},{"pk":29,"model":"auth.permission","fields":{"codename":"change_story","name":"Can change story","content_type":10}},{"pk":30,"model":"auth.permission","fields":{"codename":"delete_story","name":"Can delete story","content_type":10}},{"pk":31,"model":"auth.permission","fields":{"codename":"add_preparation","name":"Can add preparation","content_type":11}},{"pk":32,"model":"auth.permission","fields":{"codename":"change_preparation","name":"Can change preparation","content_type":11}},{"pk":33,"model":"auth.permission","fields":{"codename":"delete_preparation","name":"Can delete preparation","content_type":11}},{"pk":34,"model":"auth.permission","fields":{"codename":"add_productpreparation","name":"Can add product preparation","content_type":12}},{"pk":35,"model":"auth.permission","fields":{"codename":"change_productpreparation","name":"Can change product preparation","content_type":12}},{"pk":36,"model":"auth.permission","fields":{"codename":"delete_productpreparation","name":"Can delete product preparation","content_type":12}},{"pk":37,"model":"auth.permission","fields":{"codename":"add_vendorproduct","name":"Can add vendor product","content_type":13}},{"pk":38,"model":"auth.permission","fields":{"codename":"change_vendorproduct","name":"Can change vendor product","content_type":13}},{"pk":39,"model":"auth.permission","fields":{"codename":"delete_vendorproduct","name":"Can delete vendor product","content_type":13}},{"pk":1,"model":"auth.user","fields":{"username":"tschuy","first_name":"","last_name":"","is_active":true,"is_superuser":true,"is_staff":true,"last_login":"2014-09-18T20:24:28.425Z","groups":[],"user_permissions":[],"password":"pbkdf2_sha256$12000$wH0mJmaTEPFZ$HHugrdLgE8oT4CN7an5cdE0pKi4oIC1kWtNxzpO5tzo=","email":"tschuy@osuosl.org","date_joined":"2014-09-18T20:24:28.425Z"}}]